Txn_ID,Date_SK,Customer_SK,Branch_SK,Product_SK,Txn_Type,Channel,Amount,Balance_After
TXN-10041,20240108,1,1,1,POS Purchase,POS,45000.0,1820450.0
TXN-10047,20240108,2,1,1,ATM Withdrawal,ATM,20000.0,514210.5
TXN-10044,20240108,1,1,4,Transfer,Internet Banking,500000.0,1320450.0
TXN-10042,20240108,2,1,2,Deposit,Branch,120000.0,534210.5
TXN-10048,20240108,6,5,2,Withdrawal,USSD,15000.0,48700.0
TXN-10043,20240108,3,2,3,Bill Payment,Mobile App,18500.0,62100.0
TXN-10045,20240108,4,3,5,Loan Repayment,Branch,250000.0,0.0
TXN-10046,20240108,5,4,6,POS Purchase,POS,87200.0,2145800.0
TXN-10050,20240108,5,4,8,Transfer,Internet Banking,1200000.0,945800.0
TXN-10049,20240108,7,6,7,Deposit,Branch,500000.0,1500000.0
